#,Customer,Date,Type,Value / term,Key terms,Source
1,"Twin Cities Area Transit (Benton Harbor / St. Joseph, MI)","Board Dec 2025; ops Apr 1, 2026",Network (turnkey),Not disclosed,"Full network takeover; redesign mid-2026 'without an increase in operating costs'",Via / BusinessWire press releases
2,"Plano, TX","Feb 23, 2026",Microtransit + paratransit,"$3.95M / 6 mo; three 1-yr renewals ~$8M/yr","Texas 791 co-op contract; 22 vehicles; seniors 65+; Spare ranked #1 but withdrew",City council memo
3,"Douglas County, CO (Lone Tree / Highlands Ranch / Parker)",Feb 2026,Microtransit (renewal + expansion),$4.4M,"Continues Link On Demand; expands into Parker (Parker pays $250K)",Colorado Politics
4,"Addison, TX","Mar 24, 2026",Microtransit + paratransit,"$0.87M / 6 mo (not-to-exceed)","Pilot, 5am-midnight daily; launched Apr 24; renewal ~Oct 2026",Local news
5,NJ TRANSIT MicroLink,"Apr 6, 2026",Two 2-yr pilots,Not disclosed,"FTA-funded; Bergen: Via operates; Monmouth: NJ TRANSIT operates on Via software (only software-only deal found)",NJ TRANSIT press release
6,"Highland Park, TX","Apr 2026 (launch May 14)",Microtransit + paratransit,"$1.55M / 6 mo (budget amendment)","Pilot, 4 vehicles; microtransit free, paratransit $3.50/ride; renewal ~Nov 2026",Local news
7,"University Park, TX","Apr 21, 2026 (cancelled)",Paratransit (microtransit option),$1.06M / yr,"$67.75/vehicle-hr paratransit; $64.52 microtransit; $45K cancellation fee; cancelled after voters stayed in DART",Local news (city presentation)
8,"Union County, NJ",~Jun 2026,Microtransit (turnkey),Not disclosed,"1-yr pilot; Via provides vehicles, drivers, tech, support, maintenance; ~35K residents",County press release
9,"Rochester, MN","Jul 2026 (ops Sep 1, 2026)",Network (bus + paratransit + BRT),"$77.8M / 64 mo (~$14.6M/yr)","Drivers and management for city-owned buses; replaces Transdev; 5 bidders; union 20% raise carries over; ~80% grant-funded","Local news (KTTC, KIMT, Post Bulletin)"
10,"Douglas County, CO (Castle Rock)","Jul 14, 2026",Microtransit (turnkey),"$1.99M / yr; 2 yrs + three 1-yr options","~$70/hr; state $1.1M, town $400K, county $467K; $33-40 per ride",Colorado Politics
11,"Jersey City, NJ","Jul 1, 2026",Service cut,-$4M / yr,"Hours roughly halved; Saturday service ended; budget-driven",Local news
12,"Cobb County, GA",Sep 2026,Microtransit expansion,$6.3M,"Acworth/Kennesaw (2 yrs) + Mableton (1 yr); fixed fee; mostly state trust-fund money","East Cobb News, MDJ"
13,"Garner, NC",2026,Consulting,Not disclosed,60-day microtransit feasibility study,Local news
14,Four unnamed network deals,By May 2026,Network,"> $40M / yr total (~$10M each)",Disclosed only in aggregate,Q1'26 earnings call
